1	1	5	Точки, прямые, отрезки
2	1	7	Провешивание прямой на местности
3	1	9	Луч
4	1	10	Угол
5	1	11	Равенство геометрических фигур
6	1	12	Сравнение отрезков и углов
7	1	14	Длина отрезка
8	1	16	Единицы измерения. Измерительные инструменты
9	1	19	Градусная мера угла
10	1	21	Измерение углов на местности
11	1	22	Смежные и вертикальные углы
12	1	23	Перпендикулярные прямые
13	1	24	Построение прямых углов на местности
14	2	29	Треугольник
15	2	30	Первый признак равенства треугольников
16	2	33	Перпендикуляр к прямой
17	2	34	Медианы, биссектрисы и высоты треугольника
18	2	35	Свойства равнобедренного треугольника
19	2	38	Второй признак равенства треугольников
20	2	39	Третий признак равенства треугольников
21	2	43	Окружность
22	2	44	Построения циркулем и линейкой
23	2	45	Примеры задач на построение
24	3	53	Определение параллельных прямых
25	3	54	Признаки параллельности двух прямых
26	3	56	Практические способы построения параллельных прямых
27	3	58	Об аксиомах геометрии
28	3	59	Аксиома параллельных прямых
29	3	61	Углы при параллельных прямых и секущей
30	3	64	Углы с соответственно параллельными или перпендикулярными сторонами
31	4	69	Сумма углов треугольника
32	4	70	Остроугольный, прямоугольный и тупоугольный треугольники
33	4	72	Соотношения между сторонами и углами треугольника
34	4	73	Неравенство треугольника
35	4	75	Свойства и признаки прямоугольных треугольников
36	4	77	Признаки равенства прямоугольных треугольников
37	4	80	Расстояние от точки до прямой и между параллельными прямыми
38	4	83	Построение треугольника по трём элементам
39	5	91	Свойства биссектрисы угла
40	5	93	Свойства серединного перпендикуляра
41	5	97	Свойства диаметров и хорд
42	5	97	Окружность и прямая. Касательная
43	5	100	Вписанная и описанная окружности треугольника
44	5	106	Фигуры, симметричные относительно прямой
45	5	108	Осевая симметрия и её свойства
46	6	121	Выпуклый многоугольник
47	6	122	Четырёхугольник
48	6	124	Параллелограмм
49	6	125	Признаки параллелограмма
50	6	126	Трапеция
51	6	131	Прямоугольник
52	6	132	Ромб и квадрат
53	6	133	Центральная симметрия
54	7	139	Понятие площади многоугольника
55	7	142	Площадь квадрата
56	7	144	Площадь прямоугольника
57	7	146	Площадь параллелограмма
58	7	147	Площадь треугольника
59	7	149	Площадь трапеции
60	7	152	Теорема Пифагора
61	7	154	Теорема, обратная теореме Пифагора
62	7	155	Формула Герона
63	8	163	Пропорциональные отрезки
64	8	164	Определение подобных треугольников
65	8	165	Отношение площадей подобных треугольников
66	8	167	Первый признак подобия треугольников
67	8	168	Второй признак подобия треугольников
68	8	169	Третий признак подобия треугольников
69	8	171	Средняя линия треугольника
70	8	173	Четыре замечательные точки треугольника
71	8	174	Пропорциональные отрезки в прямоугольном треугольнике
72	8	175	Метод подобия в задачах на построение
73	8	176	Подобие в измерительных работах на местности
74	8	181	Синус, косинус и тангенс острого угла
75	8	182	Значения синуса, косинуса и тангенса углов 30°, 45°, 60°
76	9	189	Взаимное расположение прямой и окружности
77	9	191	Взаимное расположение двух окружностей
78	9	195	Общие касательные к двум окружностям
79	9	199	Градусная мера дуги окружности
80	9	201	Теорема о вписанном угле
81	9	202	Углы между хордами, касательными и секущими
82	9	206	Вписанная окружность четырёхугольника
83	9	207	Описанная окружность четырёхугольника
84	10	224	Понятие вектора
85	10	226	Равенство векторов
86	10	227	Откладывание вектора от данной точки
87	10	230	Сумма двух векторов
88	10	231	Законы сложения. Правило параллелограмма
89	10	232	Сумма нескольких векторов
90	10	233	Вычитание векторов
91	10	237	Умножение вектора на число
92	10	239	Применение векторов к решению задач
93	11	246	Разложение вектора по двум неколлинеарным векторам
94	11	248	Координаты вектора
95	11	252	Вектор и координаты его начала и конца
96	11	254	Простейшие задачи в координатах
97	11	260	Уравнение линии на плоскости
98	11	261	Уравнение окружности
99	11	262	Уравнение прямой
100	12	271	Синус, косинус, тангенс, котангенс
101	12	273	Основное тригонометрическое тождество. Формулы приведения
102	12	273	Координаты точки через расстояние и угол
103	12	274	Угловой коэффициент прямой
104	12	276	Площадь треугольника через синус угла
105	12	277	Теорема синусов
106	12	278	Теорема косинусов
107	12	278	Решение треугольников
108	12	280	Измерительные работы на местности
109	12	283	Угол между векторами
110	12	284	Скалярное произведение векторов
111	12	285	Скалярное произведение в координатах
112	12	287	Свойства скалярного произведения
113	13	294	Правильный многоугольник
114	13	294	Окружность, описанная около правильного многоугольника
115	13	295	Окружность, вписанная в правильный многоугольник
116	13	297	Площадь, сторона и радиусы правильного многоугольника
117	13	298	Построение правильных многоугольников
118	13	302	Длина окружности
119	13	304	Радианная мера угла
120	13	305	Площадь круга
121	13	306	Площадь кругового сектора
122	14	313	Отображение плоскости на себя
123	14	314	Понятие движения плоскости
124	14	316	Наложения и движения
125	14	320	Параллельный перенос
126	14	321	Поворот
127	14	323	Понятие симметрии фигур
128	14	324	Практические приложения симметрии
129	14	326	Применение движений к решению задач
130	15	332	Представление о подобных фигурах
131	15	333	Подобные многоугольники
132	15	336	Периметры и площади подобных многоугольников
133	15	340	Гомотетия
134	15	341	Свойства гомотетии
135	15	342	Подобие произвольных фигур
136	15	347	Применение подобия к доказательству теорем
137	15	349	Применение подобия к решению задач
