position,topic,official_id,source,lesson,explanation,model,practice,independent,full_subtype_coverage,remaining
1,Покупки и округление,not supplied in PDF; bank not retrieved,demo-2027.pdf; spec-2027.pdf; open-2026.pdf,../path/index.html#lesson=round,present for selected types,partial: guided scheme and earlier module models,parameterized variants + prior fixed bank,separate seed; seen statements flagged,unverified,expand source-to-subtype mapping and task variety; full open bank unavailable
2,Единицы и оценка величин,not supplied in PDF; bank not retrieved,demo-2027.pdf; spec-2027.pdf; open-2026.pdf,../path/index.html#lesson=units,present for selected types,partial: guided scheme and earlier module models,parameterized variants + prior fixed bank,separate seed; seen statements flagged,unverified,expand source-to-subtype mapping and task variety; full open bank unavailable
3,Данные,not supplied in PDF; bank not retrieved,demo-2027.pdf; spec-2027.pdf; open-2026.pdf,../path/index.html#lesson=data,present for selected types,present,parameterized variants + prior fixed bank,separate seed; seen statements flagged,unverified,expand source-to-subtype mapping and task variety; full open bank unavailable
4,Подстановка в формулы,not supplied in PDF; bank not retrieved,demo-2027.pdf; spec-2027.pdf; open-2026.pdf,../path/index.html#lesson=formulas,present for selected types,partial: guided scheme and earlier module models,parameterized variants + prior fixed bank,separate seed; seen statements flagged,unverified,expand source-to-subtype mapping and task variety; full open bank unavailable
5,Вероятность,not supplied in PDF; bank not retrieved,demo-2027.pdf; spec-2027.pdf; open-2026.pdf,../path/index.html#lesson=probability,present for selected types,partial: guided scheme and earlier module models,parameterized variants + prior fixed bank,separate seed; seen statements flagged,unverified,expand source-to-subtype mapping and task variety; full open bank unavailable
6,Выбор по условиям,not supplied in PDF; bank not retrieved,demo-2027.pdf; spec-2027.pdf; open-2026.pdf,../path/index.html#lesson=choice,present for selected types,partial: guided scheme and earlier module models,parameterized variants + prior fixed bank,separate seed; seen statements flagged,unverified,expand source-to-subtype mapping and task variety; full open bank unavailable
7,Графики и производная,not supplied in PDF; bank not retrieved,demo-2027.pdf; spec-2027.pdf; open-2026.pdf,../path/index.html#lesson=graphs,present for selected types,present,parameterized variants + prior fixed bank,separate seed; seen statements flagged,unverified,expand source-to-subtype mapping and task variety; full open bank unavailable
8,Логика,not supplied in PDF; bank not retrieved,demo-2027.pdf; spec-2027.pdf; open-2026.pdf,../path/index.html#lesson=logic,present for selected types,partial: guided scheme and earlier module models,parameterized variants + prior fixed bank,separate seed; seen statements flagged,unverified,expand source-to-subtype mapping and task variety; full open bank unavailable
9,Геометрия на сетке,not supplied in PDF; bank not retrieved,demo-2027.pdf; spec-2027.pdf; open-2026.pdf,../path/index.html#lesson=grid,present for selected types,present,parameterized variants + prior fixed bank,separate seed; seen statements flagged,unverified,expand source-to-subtype mapping and task variety; full open bank unavailable
10,Практическая геометрия,not supplied in PDF; bank not retrieved,demo-2027.pdf; spec-2027.pdf; open-2026.pdf,../path/index.html#lesson=practical,present for selected types,present,parameterized variants + prior fixed bank,separate seed; seen statements flagged,unverified,expand source-to-subtype mapping and task variety; full open bank unavailable
11,Объём и поверхность,not supplied in PDF; bank not retrieved,demo-2027.pdf; spec-2027.pdf; open-2026.pdf,../path/index.html#lesson=box,present for selected types,present,parameterized variants + prior fixed bank,separate seed; seen statements flagged,unverified,expand source-to-subtype mapping and task variety; full open bank unavailable
12,Планиметрия,not supplied in PDF; bank not retrieved,demo-2027.pdf; spec-2027.pdf; open-2026.pdf,../path/index.html#lesson=triangle,present for selected types,present,parameterized variants + prior fixed bank,separate seed; seen statements flagged,unverified,expand source-to-subtype mapping and task variety; full open bank unavailable
13,Стереометрия и подобие,not supplied in PDF; bank not retrieved,demo-2027.pdf; spec-2027.pdf; open-2026.pdf,../path/index.html#lesson=scale,present for selected types,present,parameterized variants + prior fixed bank,separate seed; seen statements flagged,unverified,expand source-to-subtype mapping and task variety; full open bank unavailable
14,Дроби,not supplied in PDF; bank not retrieved,demo-2027.pdf; spec-2027.pdf; open-2026.pdf,../path/index.html#lesson=fractions,present for selected types,partial: guided scheme and earlier module models,parameterized variants + prior fixed bank,separate seed; seen statements flagged,unverified,expand source-to-subtype mapping and task variety; full open bank unavailable
15,Проценты,not supplied in PDF; bank not retrieved,demo-2027.pdf; spec-2027.pdf; open-2026.pdf,../path/index.html#lesson=percent,present for selected types,partial: guided scheme and earlier module models,parameterized variants + prior fixed bank,separate seed; seen statements flagged,unverified,expand source-to-subtype mapping and task variety; full open bank unavailable
16,"Степени, логарифмы, тригонометрия",not supplied in PDF; bank not retrieved,demo-2027.pdf; spec-2027.pdf; open-2026.pdf,../path/index.html#lesson=functions,present for selected types,partial: guided scheme and earlier module models,parameterized variants + prior fixed bank,separate seed; seen statements flagged,unverified,expand source-to-subtype mapping and task variety; full open bank unavailable
17,Уравнения,not supplied in PDF; bank not retrieved,demo-2027.pdf; spec-2027.pdf; open-2026.pdf,../path/index.html#lesson=equations,present for selected types,present,parameterized variants + prior fixed bank,separate seed; seen statements flagged,unverified,expand source-to-subtype mapping and task variety; full open bank unavailable
18,Сравнение чисел и неравенства,not supplied in PDF; bank not retrieved,demo-2027.pdf; spec-2027.pdf; open-2026.pdf,../path/index.html#lesson=numberline,present for selected types,present,parameterized variants + prior fixed bank,separate seed; seen statements flagged,unverified,expand source-to-subtype mapping and task variety; full open bank unavailable
19,Цифры и делимость,not supplied in PDF; bank not retrieved,demo-2027.pdf; spec-2027.pdf; open-2026.pdf,../path/index.html#lesson=integers,present for selected types,present,parameterized variants + prior fixed bank,separate seed; seen statements flagged,unverified,expand source-to-subtype mapping and task variety; full open bank unavailable
20,Текстовые задачи,not supplied in PDF; bank not retrieved,demo-2027.pdf; spec-2027.pdf; open-2026.pdf,../path/index.html#lesson=motion,present for selected types,present,parameterized variants + prior fixed bank,separate seed; seen statements flagged,unverified,expand source-to-subtype mapping and task variety; full open bank unavailable
21,Целочисленные рассуждения,not supplied in PDF; bank not retrieved,demo-2027.pdf; spec-2027.pdf; open-2026.pdf,../path/index.html#lesson=reasoning,present for selected types,present,parameterized variants + prior fixed bank,separate seed; seen statements flagged,unverified,expand source-to-subtype mapping and task variety; full open bank unavailable
