"book","edition","part","section","printed_page","skill_id","lesson","coverage"
"Виленкин и соавторы · 5 класс","2023, 3-е переработанное издание, две части","1","1","7","chart","Таблицы и диаграммы","topic"
"Виленкин и соавторы · 5 класс","2023, 3-е переработанное издание, две части","1","2","11","place","Цифра, разряд и число","topic"
"Виленкин и соавторы · 5 класс","2023, 3-е переработанное издание, две части","1","3","16","segment","Отрезок, части и целое","topic"
"Виленкин и соавторы · 5 класс","2023, 3-е переработанное издание, две части","1","4","22","angle","Угол и его части","partial"
"Виленкин и соавторы · 5 класс","2023, 3-е переработанное издание, две части","1","5","27","numline","Шкалы и координатный луч","partial"
"Виленкин и соавторы · 5 класс","2023, 3-е переработанное издание, две части","1","6","33","compare","Сравнение натуральных чисел","topic"
"Виленкин и соавторы · 5 класс","2023, 3-е переработанное издание, две части","1","7","38","chart","Таблицы и диаграммы","topic"
"Виленкин и соавторы · 5 класс","2023, 3-е переработанное издание, две части","1","8","44","add","Сложение и переход через разряд","topic"
"Виленкин и соавторы · 5 класс","2023, 3-е переработанное издание, две части","1","9","52","subtract","Вычитание с разменом","topic"
"Виленкин и соавторы · 5 класс","2023, 3-е переработанное издание, две части","1","10","60","expression","Буква вместо меняющегося числа","topic"
"Виленкин и соавторы · 5 класс","2023, 3-е переработанное издание, две части","1","11","69","equation","Уравнение и равновесие","topic"
"Виленкин и соавторы · 5 класс","2023, 3-е переработанное издание, две части","1","12","79","multiply","Умножение: группы и распределение","topic"
"Виленкин и соавторы · 5 класс","2023, 3-е переработанное издание, две части","1","13","86","divide","Деление на равные части","topic"
"Виленкин и соавторы · 5 класс","2023, 3-е переработанное издание, две части","1","14","94","remainder","Деление с остатком","topic"
"Виленкин и соавторы · 5 класс","2023, 3-е переработанное издание, две части","1","15","98","distribute","Распределительное свойство","topic"
"Виленкин и соавторы · 5 класс","2023, 3-е переработанное издание, две части","1","16","107","order","Скобки и порядок действий","topic"
"Виленкин и соавторы · 5 класс","2023, 3-е переработанное издание, две части","1","17","113","power","Степень как повторное умножение","topic"
"Виленкин и соавторы · 5 класс","2023, 3-е переработанное издание, две части","1","18","118","prime","Простые и составные числа","partial"
"Виленкин и соавторы · 5 класс","2023, 3-е переработанное издание, две части","1","19","123","divisibility","Признаки делимости","topic"
"Виленкин и соавторы · 5 класс","2023, 3-е переработанное издание, две части","1","20","132","expression","Буква вместо меняющегося числа","topic"
"Виленкин и соавторы · 5 класс","2023, 3-е переработанное издание, две части","1","21","136","area","Площадь: считаем квадраты","topic"
"Виленкин и соавторы · 5 класс","2023, 3-е переработанное издание, две части","1","22","141","areaunits","Квадратные единицы","topic"
"Виленкин и соавторы · 5 класс","2023, 3-е переработанное издание, две части","1","23","146","volume","Объём и слои кубиков","partial"
"Виленкин и соавторы · 5 класс","2023, 3-е переработанное издание, две части","1","24","150","volume","Объём и слои кубиков","topic"
"Виленкин и соавторы · 5 класс","2023, 3-е переработанное издание, две части","2","25","6","shapes","Окружность, круг и диаметр","partial"
"Виленкин и соавторы · 5 класс","2023, 3-е переработанное издание, две части","2","26","12","fraction","Дробь: равные доли","topic"
"Виленкин и соавторы · 5 класс","2023, 3-е переработанное издание, две части","2","27","21","fractioncompare","Сравнение долей одного размера","topic"
"Виленкин и соавторы · 5 класс","2023, 3-е переработанное издание, две части","2","28","25","mixed","Целые и дробная часть","partial"
"Виленкин и соавторы · 5 класс","2023, 3-е переработанное издание, две части","2","29","30","fractionadd","Складываем одинаковые доли","topic"
"Виленкин и соавторы · 5 класс","2023, 3-е переработанное издание, две части","2","30","37","fraction","Дробь: равные доли","partial"
"Виленкин и соавторы · 5 класс","2023, 3-е переработанное издание, две части","2","31","42","mixed","Целые и дробная часть","topic"
"Виленкин и соавторы · 5 класс","2023, 3-е переработанное издание, две части","2","32","48","mixedops","Действия со смешанными числами","topic"
"Виленкин и соавторы · 5 класс","2023, 3-е переработанное издание, две части","2","33","54","reduce","Равные дроби и сокращение","partial"
"Виленкин и соавторы · 5 класс","2023, 3-е переработанное издание, две части","2","34","57","reduce","Равные дроби и сокращение","topic"
"Виленкин и соавторы · 5 класс","2023, 3-е переработанное издание, две части","2","35","61","common","Делаем доли одинаковыми","topic"
"Виленкин и соавторы · 5 класс","2023, 3-е переработанное издание, две части","2","36","65","unlike","Дроби с разными знаменателями","topic"
"Виленкин и соавторы · 5 класс","2023, 3-е переработанное издание, две части","2","37","74","fractionmul","Доля от доли","topic"
"Виленкин и соавторы · 5 класс","2023, 3-е переработанное издание, две части","2","38","79","part","Находим часть целого","topic"
"Виленкин и соавторы · 5 класс","2023, 3-е переработанное издание, две части","2","39","82","fractiondiv","Сколько долей помещается","topic"
"Виленкин и соавторы · 5 класс","2023, 3-е переработанное издание, две части","2","40","87","whole","Восстанавливаем целое","topic"
"Виленкин и соавторы · 5 класс","2023, 3-е переработанное издание, две части","2","41","92","decimal","Десятые, сотые и запятая","topic"
"Виленкин и соавторы · 5 класс","2023, 3-е переработанное издание, две части","2","42","97","decimalcompare","Сравнение десятичных дробей","topic"
"Виленкин и соавторы · 5 класс","2023, 3-е переработанное издание, две части","2","43","103","decimaladd","Десятичные дроби: плюс и минус","topic"
"Виленкин и соавторы · 5 класс","2023, 3-е переработанное издание, две части","2","44","111","round","Округление и прикидка","topic"
"Виленкин и соавторы · 5 класс","2023, 3-е переработанное издание, две части","2","45","118","decimalmul","Умножение десятичных дробей","topic"
"Виленкин и соавторы · 5 класс","2023, 3-е переработанное издание, две части","2","46","123","decimaldiv","Деление десятичных дробей","topic"
"Виленкин и соавторы · 5 класс","2023, 3-е переработанное издание, две части","2","47","129","decimalmul","Умножение десятичных дробей","topic"
"Виленкин и соавторы · 5 класс","2023, 3-е переработанное издание, две части","2","48","136","decimaldiv","Деление десятичных дробей","topic"
"Виленкин и соавторы · 5 класс","2023, 3-е переработанное издание, две части","2","49","145","calculator","Прикидка перед калькулятором","partial"
"Виленкин и соавторы · 5 класс","2023, 3-е переработанное издание, две части","2","50","148","angle","Угол и его части","partial"
"Виленкин и соавторы · 5 класс","2023, 3-е переработанное издание, две части","2","51","153","angle","Угол и его части","partial"
"Виленкин и соавторы · 6 класс","2024, 4-е стереотипное издание, две части","1","1","14","average","Среднее арифметическое","topic"
"Виленкин и соавторы · 6 класс","2024, 4-е стереотипное издание, две части","1","2","19","percent","Процент: одна сотая","topic"
"Виленкин и соавторы · 6 класс","2024, 4-е стереотипное издание, две части","1","3","27","piechart","Круговая диаграмма","partial"
"Виленкин и соавторы · 6 класс","2024, 4-е стереотипное издание, две части","1","4","32","triangletypes","Виды треугольников","partial"
"Виленкин и соавторы · 6 класс","2024, 4-е стереотипное издание, две части","1","5","37","sets","Множества и двойной подсчёт","topic"
"Виленкин и соавторы · 6 класс","2024, 4-е стереотипное издание, две части","1","6","43","factorization","Разложение на простые множители","partial"
"Виленкин и соавторы · 6 класс","2024, 4-е стереотипное издание, две части","1","7","50","gcd","Наибольший общий делитель","topic"
"Виленкин и соавторы · 6 класс","2024, 4-е стереотипное издание, две части","1","8","55","lcm","Наименьшее общее кратное","topic"
"Виленкин и соавторы · 6 класс","2024, 4-е стереотипное издание, две части","1","9","60","common","Делаем доли одинаковыми","topic"
"Виленкин и соавторы · 6 класс","2024, 4-е стереотипное издание, две части","1","10","64","unlike","Дроби с разными знаменателями","topic"
"Виленкин и соавторы · 6 класс","2024, 4-е стереотипное издание, две части","1","11","71","mixedops","Действия со смешанными числами","topic"
"Виленкин и соавторы · 6 класс","2024, 4-е стереотипное издание, две части","1","12","80","fractionmul","Доля от доли","partial"
"Виленкин и соавторы · 6 класс","2024, 4-е стереотипное издание, две части","1","13","87","part","Находим часть целого","topic"
"Виленкин и соавторы · 6 класс","2024, 4-е стереотипное издание, две части","1","14","93","brackets","Распределение и раскрытие скобок","topic"
"Виленкин и соавторы · 6 класс","2024, 4-е стереотипное издание, две части","1","15","99","fractiondiv","Сколько долей помещается","partial"
"Виленкин и соавторы · 6 класс","2024, 4-е стереотипное издание, две части","1","16","106","whole","Восстанавливаем целое","topic"
"Виленкин и соавторы · 6 класс","2024, 4-е стереотипное издание, две части","1","17","110","fractiondiv","Сколько долей помещается","partial"
"Виленкин и соавторы · 6 класс","2024, 4-е стереотипное издание, две части","1","18","119","ratio","Отношение: сравнение делением","topic"
"Виленкин и соавторы · 6 класс","2024, 4-е стереотипное издание, две части","1","19","125","proportion","Равенство отношений","topic"
"Виленкин и соавторы · 6 класс","2024, 4-е стереотипное издание, две части","1","20","130","direct","Прямая пропорциональность","partial"
"Виленкин и соавторы · 6 класс","2024, 4-е стереотипное издание, две части","1","21","136","scale","Масштаб и реальные размеры","topic"
"Виленкин и соавторы · 6 класс","2024, 4-е стереотипное издание, две части","1","22","142","symmetry","Симметрия: построить отражение","partial"
"Виленкин и соавторы · 6 класс","2024, 4-е стереотипное издание, две части","1","23","149","circle","Окружность, круг и площадь","partial"
"Виленкин и соавторы · 6 класс","2024, 4-е стереотипное издание, две части","2","24","6","signed","Знаки и движение по прямой","partial"
"Виленкин и соавторы · 6 класс","2024, 4-е стереотипное издание, две части","2","25","15","absolute","Противоположные числа и модуль","partial"
"Виленкин и соавторы · 6 класс","2024, 4-е стереотипное издание, две части","2","26","19","absolute","Противоположные числа и модуль","topic"
"Виленкин и соавторы · 6 класс","2024, 4-е стереотипное издание, две части","2","27","23","signedcompare","Сравнение отрицательных чисел","topic"
"Виленкин и соавторы · 6 класс","2024, 4-е стереотипное издание, две части","2","28","28","signed","Знаки и движение по прямой","partial"
"Виленкин и соавторы · 6 класс","2024, 4-е стереотипное издание, две части","2","29","33","signed","Знаки и движение по прямой","partial"
"Виленкин и соавторы · 6 класс","2024, 4-е стереотипное издание, две части","2","30","37","signed","Знаки и движение по прямой","partial"
"Виленкин и соавторы · 6 класс","2024, 4-е стереотипное издание, две части","2","31","41","signed","Знаки и движение по прямой","partial"
"Виленкин и соавторы · 6 класс","2024, 4-е стереотипное издание, две части","2","32","46","signedsub","Вычитание отрицательного числа","topic"
"Виленкин и соавторы · 6 класс","2024, 4-е стереотипное издание, две части","2","33","51","signedmul","Умножение чисел с разными знаками","partial"
"Виленкин и соавторы · 6 класс","2024, 4-е стереотипное издание, две части","2","34","56","signeddiv","Деление рациональных чисел","partial"
"Виленкин и соавторы · 6 класс","2024, 4-е стереотипное издание, две части","2","35","62","fraction","Дробь: равные доли","partial"
"Виленкин и соавторы · 6 класс","2024, 4-е стереотипное издание, две части","2","36","67","order","Скобки и порядок действий","partial"
"Виленкин и соавторы · 6 класс","2024, 4-е стереотипное издание, две части","2","37","76","brackets","Распределение и раскрытие скобок","topic"
"Виленкин и соавторы · 6 класс","2024, 4-е стереотипное издание, две части","2","38","81","like","Коэффициент и подобные слагаемые","topic"
"Виленкин и соавторы · 6 класс","2024, 4-е стереотипное издание, две части","2","39","85","like","Коэффициент и подобные слагаемые","topic"
"Виленкин и соавторы · 6 класс","2024, 4-е стереотипное издание, две части","2","40","90","equation","Уравнение и равновесие","topic"
"Виленкин и соавторы · 6 класс","2024, 4-е стереотипное издание, две части","2","41","98","perpendicular","Строим перпендикуляр","partial"
"Виленкин и соавторы · 6 класс","2024, 4-е стереотипное издание, две части","2","42","101","parallel","Параллельные прямые","partial"
"Виленкин и соавторы · 6 класс","2024, 4-е стереотипное издание, две части","2","43","105","coordinate","Координатная плоскость","topic"
"Виленкин и соавторы · 6 класс","2024, 4-е стереотипное издание, две части","2","44","110","chart","Таблицы и диаграммы","partial"
